movie_id,title,genre
0,The Midnight Compass,Documentary
1,The Frozen Labyrinth,Action
2,The Silent Voyage,Documentary
3,The Eternal Machine,Romance
4,The Last Horizon,Animation
5,The Distant River,Romance
6,The Eternal Signal,Documentary
7,The Crimson Empire,Animation
8,The Midnight Empire,Drama
9,The Broken Labyrinth,Sci-Fi
10,The Neon Mirror,Romance
11,The Ancient Kingdom,Sci-Fi
12,The Electric Garden,Action
13,The Forgotten River,Action
14,The Eternal Kingdom,Horror
15,The Hidden Garden,Action
16,The Distant Echo,Action
17,The Frozen Garden,Animation
18,The Electric River,Drama
19,The Distant Signal,Action
20,The Golden Echo,Comedy
21,The Last Garden,Drama
22,The Silent Symphony,Comedy
23,The Hidden Storm,Comedy
24,The Crimson Echo,Sci-Fi
25,The Forgotten Machine,Documentary
26,The Neon Compass,Comedy
27,The Silent Echo,Sci-Fi
28,The Hidden Kingdom,Action
29,The Ancient Garden,Comedy
30,The Ancient Harbor,Documentary
31,The Electric Compass,Horror
32,The Velvet Empire,Romance
33,The Silent Labyrinth,Sci-Fi
34,The Forgotten Labyrinth,Horror
35,The Hidden Empire,Sci-Fi
36,The Broken Symphony,Romance
37,The Crimson River,Documentary
38,The Last Machine,Drama
39,The Golden Voyage,Romance
40,The Golden Empire,Animation
41,The Forgotten Echo,Horror
42,The Midnight Garden,Comedy
43,The Silent Harbor,Action
44,The Silent Kingdom,Animation
45,The Distant Kingdom,Comedy
46,The Ancient Symphony,Comedy
47,The Broken Echo,Sci-Fi
48,The Broken Signal,Romance
49,The Frozen Empire,Drama
50,The Neon Empire,Horror
51,The Golden Storm,Comedy
52,The Distant Compass,Sci-Fi
53,The Velvet Symphony,Horror
54,The Velvet Machine,Romance
55,The Forgotten Kingdom,Drama
56,The Golden Kingdom,Animation
57,The Broken Kingdom,Romance
58,The Broken Compass,Action
59,The Frozen Voyage,Romance
60,The Electric Kingdom,Comedy
61,The Midnight River,Drama
62,The Distant Mirror,Romance
63,The Hidden River,Comedy
64,The Eternal Symphony,Comedy
65,The Eternal Voyage,Drama
66,The Neon Horizon,Romance
67,The Crimson Horizon,Romance
68,The Silent Mirror,Sci-Fi
69,The Silent Storm,Horror
70,The Frozen Horizon,Sci-Fi
71,The Neon Echo,Romance
72,The Broken River,Animation
73,The Midnight Storm,Romance
74,The Crimson Signal,Action
75,The Ancient Echo,Comedy
76,The Velvet River,Documentary
77,The Eternal Horizon,Romance
78,The Silent Empire,Action
79,The Hidden Echo,Action
80,The Velvet Storm,Horror
81,The Electric Machine,Drama
82,The Broken Storm,Romance
83,The Velvet Mirror,Drama
84,The Golden Signal,Animation
85,The Forgotten Harbor,Documentary
86,The Crimson Symphony,Action
87,The Neon Symphony,Comedy
88,The Midnight Harbor,Comedy
89,The Crimson Storm,Drama
90,The Velvet Signal,Action
91,The Forgotten Symphony,Horror
92,The Velvet Garden,Drama
93,The Distant Symphony,Documentary
94,The Midnight Voyage,Drama
95,The Forgotten Voyage,Action
96,The Crimson Kingdom,Romance
97,The Electric Symphony,Horror
98,The Last Mirror,Action
99,The Midnight Symphony,Horror
100,The Golden Harbor,Sci-Fi
101,The Midnight Signal,Sci-Fi
102,The Ancient Storm,Comedy
103,The Velvet Compass,Horror
104,The Golden Compass,Documentary
105,The Midnight Machine,Drama
106,The Last Compass,Sci-Fi
107,The Hidden Machine,Drama
108,The Eternal Compass,Drama
109,The Ancient Labyrinth,Documentary
110,The Last Symphony,Action
111,The Forgotten Mirror,Drama
112,The Eternal River,Horror
113,The Eternal Harbor,Documentary
114,The Crimson Voyage,Sci-Fi
115,The Golden Labyrinth,Romance
116,The Distant Machine,Drama
117,The Velvet Harbor,Comedy
118,The Electric Signal,Documentary
119,The Distant Labyrinth,Action
